{"kind":"identitytoolkit#DownloadAccountResponse","users":[{"localId":"1WcRAmPQhz4oeeH6ydjCEwAXQozx","createdAt":"1641668872616","lastLoginAt":"1641668872618","displayName":"Algae Raccoon","photoUrl":"https://qvcc.edu/wp-content/uploads/2018/02/mystery-man.jpg","providerUserInfo":[{"providerId":"google.com","rawId":"6655751194297986959593518917412338121941","federatedId":"6655751194297986959593518917412338121941","displayName":"Algae Raccoon","photoUrl":"https://qvcc.edu/wp-content/uploads/2018/02/mystery-man.jpg","email":"algae.raccoon.395@example.com","screenName":"raccoon_algae"}],"validSince":"1664559020","email":"algae.raccoon.395@example.com","emailVerified":true,"disabled":false},{"localId":"1rGQzDOTskeuJI1IfvyHOeUsCGZs","createdAt":"1641668499909","lastLoginAt":"1641668499909","passwordHash":"fakeHash:salt=fakeSaltakreLYAkHc4Ry2dwsPx6:password=11111111","salt":"fakeSaltakreLYAkHc4Ry2dwsPx6","passwordUpdatedAt":1664559020401,"providerUserInfo":[{"providerId":"password","email":"gaga@gmail.com","federatedId":"gaga@gmail.com","rawId":"gaga@gmail.com"}],"validSince":"1664559020","email":"gaga@gmail.com","emailVerified":false,"disabled":false},{"localId":"62muI54dw8XvkzSt5SZSHwjSPhVw","createdAt":"1641670990246","lastLoginAt":"1641670990248","displayName":"Algae Otter","providerUserInfo":[{"providerId":"google.com","rawId":"2409553178640764555902938495352802648612","federatedId":"2409553178640764555902938495352802648612","displayName":"Algae Otter","email":"algae.otter.416@example.com","screenName":"otter_algae"}],"validSince":"1664559020","email":"algae.otter.416@example.com","emailVerified":true,"disabled":false},{"localId":"7OGmkBLvmz2pxtjXy1oaBDhO6f3z","createdAt":"1640039962803","lastLoginAt":"1640039962802","passwordHash":"fakeHash:salt=fakeSaltqjBWzMNeI6KiWA2YAWyc:password=11111111","salt":"fakeSaltqjBWzMNeI6KiWA2YAWyc","passwordUpdatedAt":1664559020401,"providerUserInfo":[{"providerId":"password","email":"aaa2@gmail.com","federatedId":"aaa2@gmail.com","rawId":"aaa2@gmail.com"}],"validSince":"1664559020","email":"aaa2@gmail.com","emailVerified":false,"disabled":false},{"localId":"8HDeNuCpyusuG7ObjzbdPzRyVhYC","createdAt":"1640039394107","lastLoginAt":"1653336766706","passwordHash":"fakeHash:salt=fakeSaltrlf3c9ouGe1fgyoCmKUi:password=11111111","salt":"fakeSaltrlf3c9ouGe1fgyoCmKUi","passwordUpdatedAt":1664559020401,"providerUserInfo":[{"providerId":"password","email":"avi111@gmail.com","federatedId":"avi111@gmail.com","rawId":"avi111@gmail.com"}],"validSince":"1664559020","email":"avi111@gmail.com","emailVerified":false,"disabled":false},{"localId":"BtusY7OfwS2yfygnSqiNNNH6PSPe","createdAt":"1640039423112","lastLoginAt":"1640200525818","passwordHash":"fakeHash:salt=fakeSaltW35ZUXO0zDmEdtute19H:password=12121212","salt":"fakeSaltW35ZUXO0zDmEdtute19H","passwordUpdatedAt":1664559020401,"providerUserInfo":[{"providerId":"password","email":"avil@doit-intl.com","federatedId":"avil@doit-intl.com","rawId":"avil@doit-intl.com"}],"validSince":"1664559020","email":"avil@doit-intl.com","emailVerified":false,"disabled":false},{"localId":"DedpSNmoc2lH1qzEZU63SiMi0PxE","createdAt":"1641669218851","lastLoginAt":"1641669218854","displayName":"Grass Otter","photoUrl":"https://qvcc.edu/wp-content/uploads/2018/02/mystery-man.jpg","providerUserInfo":[{"providerId":"twitter.com","rawId":"0655307425841924929257832374138673403039","federatedId":"0655307425841924929257832374138673403039","displayName":"Grass Otter","photoUrl":"https://qvcc.edu/wp-content/uploads/2018/02/mystery-man.jpg","email":"grass.otter.859@example.com","screenName":"otter_grass"}],"validSince":"1664559020","email":"grass.otter.859@example.com","emailVerified":true,"disabled":false},{"localId":"F8WCg1y4A0LCjFEKRBDrd2Sv0NoL","createdAt":"1641669872776","lastLoginAt":"1641669872777","displayName":"Chicken Otter","providerUserInfo":[{"providerId":"google.com","rawId":"3871122950800062157287223190530665448385","federatedId":"3871122950800062157287223190530665448385","displayName":"Chicken Otter","email":"chicken.otter.885@example.com","screenName":"otter_chicken"}],"validSince":"1664559020","email":"chicken.otter.885@example.com","emailVerified":true,"disabled":false},{"localId":"KBrP3kGkulj226S4IKhGM4kADdUn","createdAt":"1641671057883","lastLoginAt":"1641671057884","displayName":"Grass Raccoon","providerUserInfo":[{"providerId":"facebook.com","rawId":"0500780067333942475630967015004388277191","federatedId":"0500780067333942475630967015004388277191","displayName":"Grass Raccoon","email":"grass.raccoon.9@example.com","screenName":"raccoon_grass"}],"validSince":"1664559020","email":"grass.raccoon.9@example.com","emailVerified":true,"disabled":false},{"localId":"MoyiWw4OY5TG5o8mCQoqVUAtVuow","createdAt":"1641669246579","lastLoginAt":"1641669246580","displayName":"Panda Chicken","photoUrl":"https://qvcc.edu/wp-content/uploads/2018/02/mystery-man.jpg","providerUserInfo":[{"providerId":"google.com","rawId":"7981535847668063988138674271532620022624","federatedId":"7981535847668063988138674271532620022624","displayName":"Panda Chicken","photoUrl":"https://qvcc.edu/wp-content/uploads/2018/02/mystery-man.jpg","email":"panda.chicken.385@example.com","screenName":"chicken_panda"}],"validSince":"1664559020","email":"panda.chicken.385@example.com","emailVerified":true,"disabled":false},{"localId":"NnLvGEO1ZsUCkmwi3hEotbFjCeFh","createdAt":"1641671271392","lastLoginAt":"1641671271392","displayName":"Mountain Grass","providerUserInfo":[{"providerId":"google.com","rawId":"7822411683787047350878835695707061857195","federatedId":"7822411683787047350878835695707061857195","displayName":"Mountain Grass","email":"mountain.grass.261@example.com","screenName":"grass_mountain"}],"validSince":"1664559020","email":"mountain.grass.261@example.com","emailVerified":true,"disabled":false},{"localId":"QzVZJKUgKeUOuOJfEuBfUlGcKWUw","createdAt":"1641670223986","lastLoginAt":"1641670223991","displayName":"Olive Raccoon","providerUserInfo":[{"providerId":"twitter.com","rawId":"1385265743488090913322563264887670185259","federatedId":"1385265743488090913322563264887670185259","displayName":"Olive Raccoon","email":"olive.raccoon.430@example.com","screenName":"raccoon_olive"}],"validSince":"1664559020","email":"olive.raccoon.430@example.com","emailVerified":true,"disabled":false},{"localId":"YUPSaE7AyHwHxqxmWo14gOVEaVKV","createdAt":"1641668702325","lastLoginAt":"1641668702326","displayName":"Peach Mountain","photoUrl":"https://qvcc.edu/wp-content/uploads/2018/02/mystery-man.jpg","providerUserInfo":[{"providerId":"google.com","rawId":"7484933771022877733760378068913737011544","federatedId":"7484933771022877733760378068913737011544","displayName":"Peach Mountain","photoUrl":"https://qvcc.edu/wp-content/uploads/2018/02/mystery-man.jpg","email":"peach.mountain.928@example.com","screenName":"mountain_peach"}],"validSince":"1664559020","email":"peach.mountain.928@example.com","emailVerified":true,"disabled":false},{"localId":"cazCqgsMbrtwkYylqmVi10s9dOpY","createdAt":"1641668991538","lastLoginAt":"1641668991541","displayName":"Raccoon Grass","photoUrl":"https://qvcc.edu/wp-content/uploads/2018/02/mystery-man.jpg","providerUserInfo":[{"providerId":"facebook.com","rawId":"5811877785631346046736553949931034677226","federatedId":"5811877785631346046736553949931034677226","displayName":"Raccoon Grass","photoUrl":"https://qvcc.edu/wp-content/uploads/2018/02/mystery-man.jpg","email":"raccoon.grass.734@example.com","screenName":"grass_raccoon"}],"validSince":"1664559020","email":"raccoon.grass.734@example.com","emailVerified":true,"disabled":false},{"localId":"cbRUv4d33RnhgIw2Mq2YTfPibrJc","createdAt":"1641669922449","lastLoginAt":"1641669922452","displayName":"Otter Mountain","providerUserInfo":[{"providerId":"facebook.com","rawId":"7050052920152370139513305047452665119457","federatedId":"7050052920152370139513305047452665119457","displayName":"Otter Mountain","email":"otter.mountain.367@example.com","screenName":"mountain_otter"}],"validSince":"1664559020","email":"otter.mountain.367@example.com","emailVerified":true,"disabled":false},{"localId":"gtEavlhhzK8gK7TUl2JvepPxTkV5","createdAt":"1641670904375","lastLoginAt":"1641670904379","displayName":"Panda Chicken","providerUserInfo":[{"providerId":"twitter.com","rawId":"0351892654002867244205281064160257037254","federatedId":"0351892654002867244205281064160257037254","displayName":"Panda Chicken","email":"panda.chicken.211@example.com","screenName":"chicken_panda"}],"validSince":"1664559020","email":"panda.chicken.211@example.com","emailVerified":true,"disabled":false},{"localId":"jXPUET3XJipXEhy923eflWaZpyvD","createdAt":"1641670086773","lastLoginAt":"1641670086775","displayName":"Raccoon Otter","providerUserInfo":[{"providerId":"facebook.com","rawId":"7394954746926286526668968917642485386524","federatedId":"7394954746926286526668968917642485386524","displayName":"Raccoon Otter","email":"raccoon.otter.355@example.com","screenName":"otter_raccoon"}],"validSince":"1664559020","email":"raccoon.otter.355@example.com","emailVerified":true,"disabled":false},{"localId":"n3oNEsucMIKr3QyRBn9X6rkVUmSf","createdAt":"1641671148771","lastLoginAt":"1641671148771","displayName":"Otter Chicken","providerUserInfo":[{"providerId":"facebook.com","rawId":"8128254033045178261738448115393146502762","federatedId":"8128254033045178261738448115393146502762","displayName":"Otter Chicken","email":"otter.chicken.620@example.com","screenName":"chicken_otter"}],"validSince":"1664559020","email":"otter.chicken.620@example.com","emailVerified":true,"disabled":false},{"localId":"xYOeDdJbO3xDMDGr5Rbd07jIA70Z","createdAt":"1641669016969","lastLoginAt":"1641669016970","displayName":"Olive Otter","photoUrl":"https://qvcc.edu/wp-content/uploads/2018/02/mystery-man.jpg","providerUserInfo":[{"providerId":"google.com","rawId":"5795913089127347029967041722479805657716","federatedId":"5795913089127347029967041722479805657716","displayName":"Olive Otter","photoUrl":"https://qvcc.edu/wp-content/uploads/2018/02/mystery-man.jpg","email":"olive.otter.138@example.com","screenName":"otter_olive"}],"validSince":"1664559020","email":"olive.otter.138@example.com","emailVerified":true,"disabled":false},{"localId":"ybfgz1BXuR5AmYCKcXzAZSnk3vYv","createdAt":"1640039856269","lastLoginAt":"1640039856269","passwordHash":"fakeHash:salt=fakeSaltELM3D3yPm4ZCAimo9ddh:password=11111111","salt":"fakeSaltELM3D3yPm4ZCAimo9ddh","passwordUpdatedAt":1664559020402,"providerUserInfo":[{"providerId":"password","email":"aaa@gmail.com","federatedId":"aaa@gmail.com","rawId":"aaa@gmail.com"}],"validSince":"1664559020","email":"aaa@gmail.com","emailVerified":false,"disabled":false},{"localId":"yomch51oT5ReBQ6AsjJ6E7TYicX3","createdAt":"1663658739885","lastLoginAt":"1663563956964","displayName":"Mountain Algae","providerUserInfo":[{"providerId":"google.com","rawId":"9009602506136335111996059476544266389767","federatedId":"9009602506136335111996059476544266389767","displayName":"Mountain Algae","email":"mountain.algaedfsf.287@example.com","screenName":"algae_mountain"}],"validSince":"1664559020","email":"mountain.algaedfsf.287@example.com","emailVerified":true,"disabled":false}]}