{
  "name": "7OGmkBLvmz2pxtjXy1oaBDhO6f3z.jpg",
  "bucket": "coinparliament-51ae1.appspot.com",
  "contentType": "image/jpeg",
  "metageneration": 1,
  "generation": 1640040018232,
  "storageClass": "STANDARD",
  "contentDisposition": "inline",
  "cacheControl": "public, max-age=3600",
  "contentEncoding": "identity",
  "downloadTokens": [
    "4be1dfad-1358-4cba-a6d0-5f9efe70dea8"
  ],
  "etag": "someETag",
  "timeCreated": "2021-12-20T22:40:18.231Z",
  "updated": "2021-12-20T22:40:18.234Z",
  "size": 124000,
  "md5Hash": "SyWCoz/8RrPWJQsnC/QpjA==",
  "crc32c": "1006428433"
}