{
  "name": "BtusY7OfwS2yfygnSqiNNNH6PSPe.jpg",
  "bucket": "coinparliament-51ae1.appspot.com",
  "contentType": "image/png",
  "metageneration": 1,
  "generation": 1640039737158,
  "storageClass": "STANDARD",
  "contentDisposition": "inline",
  "cacheControl": "public, max-age=3600",
  "contentEncoding": "identity",
  "downloadTokens": [
    "d78f2d8c-dadc-4847-8d04-9a4b458b01bb"
  ],
  "etag": "someETag",
  "timeCreated": "2021-12-20T22:35:37.157Z",
  "updated": "2021-12-20T22:35:37.160Z",
  "size": 104557,
  "md5Hash": "Dmjg59tzI89eiTIXhPb4AA==",
  "crc32c": "206445811"
}